shipment_id,order_id,shipped_date,delivered_date,carrier,tracking_number,shipping_status,shipping_cost
SHP000001,O000001,2024-03-27,2024-03-31,DHL,DHL00000001,Delivered,7.27
SHP000002,O000002,2024-03-05,2024-03-10,DHL,DHL00000002,Delivered,9.72
SHP000003,O000003,2024-03-12,2024-03-16,DHL,DHL00000003,Delivered,6.44
SHP000004,O000004,2024-01-18,2024-01-23,UPS,UPS00000004,Delivered,7.56
SHP000005,O000005,2024-02-29,2024-03-06,FedEx,FED00000005,Delivered,7.04
SHP000006,O000006,2024-04-23,2024-04-26,USPS,USP00000006,Delivered,6.28
SHP000007,O000008,2024-03-11,2024-03-15,USPS,USP00000007,Delivered,6.46
SHP000008,O000009,2024-01-05,2024-01-10,UPS,UPS00000008,Delivered,6.02
SHP000009,O000010,2024-02-02,2024-02-08,FedEx,FED00000009,Delivered,8.69
SHP000010,O000011,2024-05-04,2024-05-07,DHL,DHL00000010,Delivered,7.61
SHP000011,O000012,2024-04-28,2024-05-02,USPS,USP00000011,Delivered,6.72
SHP000012,O000015,2024-05-18,2024-05-21,FedEx,FED00000012,Delivered,5.78
SHP000013,O000016,2024-05-03,2024-05-05,FedEx,FED00000013,Delivered,5.69
SHP000014,O000017,2024-03-15,2024-03-19,DHL,DHL00000014,Delivered,6.67
SHP000015,O000020,2024-01-15,2024-01-18,FedEx,FED00000015,Delivered,5.21
SHP000016,O000021,2024-06-01,2024-06-07,FedEx,FED00000016,Delivered,4.82
SHP000017,O000022,2024-02-05,2024-02-11,USPS,USP00000017,Delivered,5.98
SHP000018,O000023,2024-06-17,2024-06-23,FedEx,FED00000018,Delivered,6.67
SHP000019,O000024,2024-05-24,2024-05-29,UPS,UPS00000019,Delivered,5.65
SHP000020,O000025,2024-04-10,2024-04-15,UPS,UPS00000020,Delivered,7.06
SHP000021,O000027,2024-03-06,2024-03-10,FedEx,FED00000021,Delivered,5.12
SHP000022,O000028,2024-04-29,2024-05-02,FedEx,FED00000022,Delivered,6.4
SHP000023,O000029,2024-06-09,2024-06-15,UPS,UPS00000023,Delivered,6.67
SHP000024,O000030,2024-03-03,2024-03-06,UPS,UPS00000024,Delivered,5.6
SHP000025,O000031,2024-06-04,2024-06-07,DHL,DHL00000025,Delivered,7.45
SHP000026,O000032,2024-06-16,2024-06-20,FedEx,FED00000026,Delivered,8.65
SHP000027,O000033,2024-03-03,2024-03-09,USPS,USP00000027,Delivered,9.63
SHP000028,O000034,2024-03-14,2024-03-17,DHL,DHL00000028,Delivered,8.04
SHP000029,O000035,2024-04-21,2024-04-26,DHL,DHL00000029,Delivered,6.73
SHP000030,O000036,2024-04-22,2024-04-28,USPS,USP00000030,Delivered,6.13
SHP000031,O000037,2024-01-26,2024-01-30,USPS,USP00000031,Delivered,6.92
SHP000032,O000038,2024-01-31,2024-02-05,FedEx,FED00000032,Delivered,5.75
SHP000033,O000040,2024-02-26,2024-02-28,FedEx,FED00000033,Delivered,6.93
SHP000034,O000042,2024-01-21,2024-01-26,DHL,DHL00000034,Delivered,6.47
SHP000035,O000043,2024-04-03,2024-04-05,USPS,USP00000035,Delivered,5.73
SHP000036,O000044,2024-04-11,2024-04-15,DHL,DHL00000036,Delivered,6.83
SHP000037,O000045,2024-02-28,2024-03-05,UPS,UPS00000037,Delivered,6.77
SHP000038,O000046,2024-01-13,2024-01-19,DHL,DHL00000038,Delivered,6.07
SHP000039,O000047,2024-05-07,2024-05-09,UPS,UPS00000039,Delivered,6.72
SHP000040,O000048,2024-05-20,2024-05-26,FedEx,FED00000040,Delivered,6.88
SHP000041,O000049,2024-01-05,2024-01-09,USPS,USP00000041,Delivered,7.84
SHP000042,O000050,2024-06-13,2024-06-15,USPS,USP00000042,Delivered,7.25
SHP000043,O000051,2024-02-23,2024-02-26,FedEx,FED00000043,Delivered,6.79
SHP000044,O000053,2024-03-05,2024-03-11,DHL,DHL00000044,Delivered,9.23
SHP000045,O000054,2024-01-28,2024-02-03,USPS,USP00000045,Delivered,5.68
SHP000046,O000056,2024-02-16,2024-02-21,DHL,DHL00000046,Delivered,8.55
SHP000047,O000057,2024-03-21,2024-03-25,FedEx,FED00000047,Delivered,7.58
SHP000048,O000058,2024-04-06,2024-04-11,UPS,UPS00000048,Delivered,8.11
SHP000049,O000059,2024-06-29,,USPS,USP00000049,InTransit,5.92
SHP000050,O000060,2024-06-07,2024-06-10,USPS,USP00000050,Delivered,6.16
SHP000051,O000061,2024-01-06,2024-01-12,FedEx,FED00000051,Delivered,4.96
SHP000052,O000062,2024-05-09,2024-05-12,UPS,UPS00000052,Delivered,5.25
SHP000053,O000063,2024-03-24,2024-03-27,USPS,USP00000053,Delivered,6.7
SHP000054,O000064,2024-05-25,2024-05-30,USPS,USP00000054,Delivered,4.02
SHP000055,O000065,2024-06-23,2024-06-27,UPS,UPS00000055,Delivered,6.45
SHP000056,O000066,2024-04-03,2024-04-07,USPS,USP00000056,Delivered,6.63
SHP000057,O000068,2024-05-15,2024-05-18,USPS,USP00000057,Delivered,5.93
SHP000058,O000069,2024-01-21,2024-01-26,DHL,DHL00000058,Delivered,6.51
SHP000059,O000070,2024-02-27,2024-03-04,UPS,UPS00000059,Delivered,3.97
SHP000060,O000071,2024-06-06,2024-06-11,DHL,DHL00000060,Delivered,6.38
SHP000061,O000072,2024-03-10,2024-03-15,UPS,UPS00000061,Delivered,5.39
SHP000062,O000073,2024-06-18,2024-06-21,DHL,DHL00000062,Delivered,7.54
SHP000063,O000074,2024-01-16,2024-01-19,FedEx,FED00000063,Delivered,7.23
SHP000064,O000076,2024-03-28,2024-04-02,USPS,USP00000064,Delivered,7.01
SHP000065,O000077,2024-06-28,,DHL,DHL00000065,InTransit,6.27
SHP000066,O000078,2024-06-04,2024-06-08,DHL,DHL00000066,Delivered,4.97
SHP000067,O000080,2024-05-29,2024-06-01,FedEx,FED00000067,Delivered,7.33
SHP000068,O000081,2024-03-15,2024-03-21,DHL,DHL00000068,Delivered,7.64
SHP000069,O000082,2024-01-25,2024-01-28,DHL,DHL00000069,Delivered,7.11
SHP000070,O000083,2024-06-13,2024-06-19,UPS,UPS00000070,Delivered,4.03
SHP000071,O000084,2024-05-05,2024-05-11,UPS,UPS00000071,Delivered,6.18
SHP000072,O000085,2024-02-16,2024-02-20,DHL,DHL00000072,Delivered,6.48
SHP000073,O000086,2024-03-09,2024-03-12,FedEx,FED00000073,Delivered,6.2
SHP000074,O000088,2024-02-13,2024-02-16,USPS,USP00000074,Delivered,6.25
SHP000075,O000090,2024-05-13,2024-05-16,USPS,USP00000075,Delivered,5.64
SHP000076,O000091,2024-02-26,2024-02-29,DHL,DHL00000076,Delivered,6.97
SHP000077,O000092,2024-03-06,2024-03-11,UPS,UPS00000077,Delivered,5.61
SHP000078,O000093,2024-05-12,2024-05-15,FedEx,FED00000078,Delivered,7.45
SHP000079,O000095,2024-03-28,2024-04-01,UPS,UPS00000079,Delivered,6.27
SHP000080,O000096,2024-04-22,2024-04-27,FedEx,FED00000080,Delivered,5.73
SHP000081,O000097,2024-06-05,2024-06-11,UPS,UPS00000081,Delivered,6.86
SHP000082,O000098,2024-03-04,2024-03-08,USPS,USP00000082,Delivered,6.02
SHP000083,O000099,2024-01-07,2024-01-13,UPS,UPS00000083,Delivered,6.84
SHP000084,O000100,2024-05-01,2024-05-06,FedEx,FED00000084,Delivered,7.1
SHP000085,O000101,2024-02-28,2024-03-02,FedEx,FED00000085,Delivered,7.91
SHP000086,O000102,2024-02-14,2024-02-20,UPS,UPS00000086,Delivered,6.05
SHP000087,O000105,2024-02-15,2024-02-20,UPS,UPS00000087,Delivered,5.28
SHP000088,O000106,2024-01-20,2024-01-24,UPS,UPS00000088,Delivered,7.45
SHP000089,O000107,2024-07-01,,DHL,DHL00000089,InTransit,7.21
SHP000090,O000109,2024-03-06,2024-03-12,FedEx,FED00000090,Delivered,6.68
SHP000091,O000110,2024-05-11,2024-05-15,FedEx,FED00000091,Delivered,5.58
SHP000092,O000111,2024-06-26,,DHL,DHL00000092,InTransit,2.81
SHP000093,O000112,2024-02-05,2024-02-09,UPS,UPS00000093,Delivered,6.83
SHP000094,O000114,2024-04-22,2024-04-28,USPS,USP00000094,Delivered,7.28
SHP000095,O000115,2024-06-22,2024-06-26,UPS,UPS00000095,Delivered,8.76
SHP000096,O000116,2024-07-03,,UPS,UPS00000096,InTransit,4.82
SHP000097,O000117,2024-04-12,2024-04-16,DHL,DHL00000097,Delivered,6.28
SHP000098,O000118,2024-06-11,2024-06-16,USPS,USP00000098,Delivered,7.45
SHP000099,O000119,2024-05-10,2024-05-14,FedEx,FED00000099,Delivered,7.55
SHP000100,O000120,2024-03-29,2024-04-01,UPS,UPS00000100,Delivered,7.99
SHP000101,O000122,2024-04-04,2024-04-09,DHL,DHL00000101,Delivered,6.26
SHP000102,O000124,2024-02-07,2024-02-10,FedEx,FED00000102,Delivered,5.82
SHP000103,O000125,2024-06-04,2024-06-09,FedEx,FED00000103,Delivered,7.01
SHP000104,O000126,2024-04-02,2024-04-05,FedEx,FED00000104,Delivered,6.2
SHP000105,O000128,2024-06-01,2024-06-06,FedEx,FED00000105,Delivered,7.16
SHP000106,O000129,2024-04-15,2024-04-20,DHL,DHL00000106,Delivered,9.04
SHP000107,O000130,2024-04-06,2024-04-08,USPS,USP00000107,Delivered,7.08
SHP000108,O000131,2024-02-20,2024-02-23,DHL,DHL00000108,Delivered,7.31
SHP000109,O000132,2024-02-12,2024-02-14,DHL,DHL00000109,Delivered,6.16
SHP000110,O000133,2024-06-20,2024-06-22,UPS,UPS00000110,Delivered,7.14
SHP000111,O000134,2024-02-24,2024-02-27,DHL,DHL00000111,Delivered,5.52
SHP000112,O000135,2024-01-11,2024-01-16,DHL,DHL00000112,Delivered,7.12
SHP000113,O000137,2024-01-29,2024-02-04,UPS,UPS00000113,Delivered,6.08
SHP000114,O000139,2024-03-19,2024-03-24,FedEx,FED00000114,Delivered,6.84
SHP000115,O000140,2024-05-15,2024-05-21,DHL,DHL00000115,Delivered,5.8
SHP000116,O000141,2024-06-09,2024-06-14,FedEx,FED00000116,Delivered,6.59
SHP000117,O000142,2024-04-15,2024-04-19,UPS,UPS00000117,Delivered,3.75
SHP000118,O000143,2024-04-04,2024-04-07,DHL,DHL00000118,Delivered,8.48
SHP000119,O000144,2024-03-12,2024-03-17,USPS,USP00000119,Delivered,6.72
SHP000120,O000145,2024-04-11,2024-04-17,USPS,USP00000120,Delivered,7.76
SHP000121,O000146,2024-01-08,2024-01-14,UPS,UPS00000121,Delivered,7.23
SHP000122,O000147,2024-05-26,2024-05-30,UPS,UPS00000122,Delivered,7.03
SHP000123,O000148,2024-02-02,2024-02-05,DHL,DHL00000123,Delivered,6.54
SHP000124,O000149,2024-03-26,2024-03-31,FedEx,FED00000124,Delivered,6.09
SHP000125,O000150,2024-05-07,2024-05-09,UPS,UPS00000125,Delivered,5.0
SHP000126,O000151,2024-02-17,2024-02-23,DHL,DHL00000126,Delivered,6.84
SHP000127,O000152,2024-06-24,2024-06-28,DHL,DHL00000127,Delivered,5.79
SHP000128,O000153,2024-05-08,2024-05-13,DHL,DHL00000128,Delivered,6.23
SHP000129,O000154,2024-01-09,2024-01-12,UPS,UPS00000129,Delivered,6.07
SHP000130,O000155,2024-04-12,2024-04-15,FedEx,FED00000130,Delivered,8.77
SHP000131,O000157,2024-01-08,2024-01-10,USPS,USP00000131,Delivered,7.41
SHP000132,O000158,2024-01-27,2024-01-30,USPS,USP00000132,Delivered,5.14
SHP000133,O000159,2024-01-17,2024-01-23,USPS,USP00000133,Delivered,6.98
SHP000134,O000160,2024-04-09,2024-04-13,FedEx,FED00000134,Delivered,4.07
SHP000135,O000161,2024-06-04,2024-06-08,USPS,USP00000135,Delivered,6.39
SHP000136,O000163,2024-04-17,2024-04-20,FedEx,FED00000136,Delivered,5.78
SHP000137,O000164,2024-06-14,2024-06-20,USPS,USP00000137,Delivered,5.99
SHP000138,O000165,2024-01-08,2024-01-13,FedEx,FED00000138,Delivered,5.76
SHP000139,O000167,2024-01-13,2024-01-16,UPS,UPS00000139,Delivered,5.78
SHP000140,O000168,2024-01-05,2024-01-07,UPS,UPS00000140,Delivered,4.12
SHP000141,O000169,2024-01-03,2024-01-05,UPS,UPS00000141,Delivered,4.55
SHP000142,O000170,2024-02-09,2024-02-11,FedEx,FED00000142,Delivered,8.83
SHP000143,O000171,2024-01-17,2024-01-19,DHL,DHL00000143,Delivered,8.18
SHP000144,O000172,2024-06-30,,FedEx,FED00000144,InTransit,5.42
SHP000145,O000173,2024-06-15,2024-06-21,FedEx,FED00000145,Delivered,6.64
SHP000146,O000174,2024-01-11,2024-01-17,UPS,UPS00000146,Delivered,2.95
SHP000147,O000175,2024-01-30,2024-02-01,FedEx,FED00000147,Delivered,8.52
SHP000148,O000176,2024-06-13,2024-06-16,UPS,UPS00000148,Delivered,6.67
SHP000149,O000177,2024-01-10,2024-01-14,DHL,DHL00000149,Delivered,5.87
SHP000150,O000178,2024-02-26,2024-02-28,DHL,DHL00000150,Delivered,7.27
SHP000151,O000179,2024-05-22,2024-05-25,DHL,DHL00000151,Delivered,5.65
SHP000152,O000180,2024-01-06,2024-01-09,DHL,DHL00000152,Delivered,5.43
SHP000153,O000181,2024-02-12,2024-02-17,UPS,UPS00000153,Delivered,5.54
SHP000154,O000182,2024-02-18,2024-02-23,DHL,DHL00000154,Delivered,6.27
SHP000155,O000183,2024-01-18,2024-01-24,DHL,DHL00000155,Delivered,8.91
SHP000156,O000184,2024-05-24,2024-05-28,FedEx,FED00000156,Delivered,6.53
SHP000157,O000185,2024-05-03,2024-05-07,DHL,DHL00000157,Delivered,7.09
SHP000158,O000187,2024-05-12,2024-05-17,USPS,USP00000158,Delivered,5.34
SHP000159,O000188,2024-06-17,2024-06-23,UPS,UPS00000159,Delivered,5.95
SHP000160,O000190,2024-02-07,2024-02-13,DHL,DHL00000160,Delivered,6.01
SHP000161,O000191,2024-03-30,2024-04-05,DHL,DHL00000161,Delivered,5.34
SHP000162,O000192,2024-03-11,2024-03-16,FedEx,FED00000162,Delivered,6.55
SHP000163,O000194,2024-04-14,2024-04-19,DHL,DHL00000163,Delivered,6.51
SHP000164,O000196,2024-05-12,2024-05-14,FedEx,FED00000164,Delivered,6.35
SHP000165,O000197,2024-06-28,2024-06-30,DHL,DHL00000165,Delivered,4.46
SHP000166,O000198,2024-01-16,2024-01-20,FedEx,FED00000166,Delivered,8.03
SHP000167,O000199,2024-04-15,2024-04-21,UPS,UPS00000167,Delivered,5.5
SHP000168,O000200,2024-01-28,2024-01-31,USPS,USP00000168,Delivered,6.32
SHP000169,O000201,2024-01-06,2024-01-09,FedEx,FED00000169,Delivered,6.6
SHP000170,O000202,2024-06-06,2024-06-12,DHL,DHL00000170,Delivered,6.26
SHP000171,O000204,2024-04-15,2024-04-17,USPS,USP00000171,Delivered,6.18
SHP000172,O000205,2024-05-14,2024-05-18,USPS,USP00000172,Delivered,9.3
SHP000173,O000206,2024-04-06,2024-04-11,FedEx,FED00000173,Delivered,6.64
SHP000174,O000207,2024-01-15,2024-01-19,USPS,USP00000174,Delivered,7.44
SHP000175,O000208,2024-05-02,2024-05-07,DHL,DHL00000175,Delivered,6.08
SHP000176,O000209,2024-06-02,2024-06-06,UPS,UPS00000176,Delivered,6.79
SHP000177,O000211,2024-02-11,2024-02-13,UPS,UPS00000177,Delivered,2.47
SHP000178,O000212,2024-02-18,2024-02-23,UPS,UPS00000178,Delivered,8.36
SHP000179,O000213,2024-06-03,2024-06-07,USPS,USP00000179,Delivered,6.33
SHP000180,O000214,2024-06-18,2024-06-22,USPS,USP00000180,Delivered,8.4
SHP000181,O000216,2024-06-30,,USPS,USP00000181,InTransit,5.18
SHP000182,O000217,2024-06-09,2024-06-15,USPS,USP00000182,Delivered,7.07
SHP000183,O000218,2024-04-26,2024-04-29,USPS,USP00000183,Delivered,6.1
SHP000184,O000219,2024-03-11,2024-03-17,USPS,USP00000184,Delivered,6.82
SHP000185,O000220,2024-05-21,2024-05-25,UPS,UPS00000185,Delivered,6.55
SHP000186,O000222,2024-06-06,2024-06-08,FedEx,FED00000186,Delivered,6.06
SHP000187,O000223,2024-03-31,2024-04-06,UPS,UPS00000187,Delivered,6.4
SHP000188,O000224,2024-02-28,2024-03-05,UPS,UPS00000188,Delivered,6.86
SHP000189,O000226,2024-03-29,2024-04-04,UPS,UPS00000189,Delivered,8.38
SHP000190,O000227,2024-05-18,2024-05-20,DHL,DHL00000190,Delivered,6.85
SHP000191,O000228,2024-05-01,2024-05-04,FedEx,FED00000191,Delivered,6.79
SHP000192,O000231,2024-02-04,2024-02-06,UPS,UPS00000192,Delivered,6.69
SHP000193,O000232,2024-01-29,2024-02-01,DHL,DHL00000193,Delivered,6.23
SHP000194,O000233,2024-02-21,2024-02-25,USPS,USP00000194,Delivered,9.38
SHP000195,O000234,2024-02-29,2024-03-05,UPS,UPS00000195,Delivered,3.9
SHP000196,O000235,2024-05-28,2024-06-03,USPS,USP00000196,Delivered,6.49
SHP000197,O000236,2024-05-05,2024-05-10,FedEx,FED00000197,Delivered,6.31
SHP000198,O000237,2024-05-24,2024-05-28,UPS,UPS00000198,Delivered,5.89
SHP000199,O000239,2024-05-08,2024-05-12,FedEx,FED00000199,Delivered,5.57
SHP000200,O000240,2024-02-12,2024-02-17,FedEx,FED00000200,Delivered,5.29
SHP000201,O000241,2024-01-18,2024-01-23,DHL,DHL00000201,Delivered,7.46
SHP000202,O000242,2024-06-05,2024-06-11,DHL,DHL00000202,Delivered,7.13
SHP000203,O000243,2024-06-15,2024-06-18,UPS,UPS00000203,Delivered,3.44
SHP000204,O000244,2024-05-17,2024-05-23,UPS,UPS00000204,Delivered,6.79
SHP000205,O000245,2024-03-23,2024-03-28,USPS,USP00000205,Delivered,7.38
SHP000206,O000246,2024-06-10,2024-06-13,FedEx,FED00000206,Delivered,9.05
SHP000207,O000247,2024-03-15,2024-03-20,FedEx,FED00000207,Delivered,7.51
SHP000208,O000248,2024-03-12,2024-03-15,FedEx,FED00000208,Delivered,5.8
SHP000209,O000249,2024-06-03,2024-06-08,USPS,USP00000209,Delivered,5.52
SHP000210,O000251,2024-02-21,2024-02-26,USPS,USP00000210,Delivered,5.34
SHP000211,O000253,2024-06-12,2024-06-16,UPS,UPS00000211,Delivered,8.27
SHP000212,O000254,2024-02-28,2024-03-02,USPS,USP00000212,Delivered,5.3
SHP000213,O000255,2024-05-14,2024-05-20,UPS,UPS00000213,Delivered,7.38
SHP000214,O000256,2024-02-23,2024-02-27,DHL,DHL00000214,Delivered,6.52
SHP000215,O000258,2024-04-19,2024-04-21,FedEx,FED00000215,Delivered,3.29
SHP000216,O000259,2024-04-05,2024-04-08,FedEx,FED00000216,Delivered,6.96
SHP000217,O000260,2024-03-02,2024-03-06,UPS,UPS00000217,Delivered,6.36
SHP000218,O000261,2024-03-30,2024-04-01,USPS,USP00000218,Delivered,7.33
SHP000219,O000262,2024-02-26,2024-03-03,UPS,UPS00000219,Delivered,7.22
SHP000220,O000263,2024-05-15,2024-05-20,USPS,USP00000220,Delivered,6.79
SHP000221,O000264,2024-02-14,2024-02-16,USPS,USP00000221,Delivered,7.11
SHP000222,O000265,2024-06-10,2024-06-13,DHL,DHL00000222,Delivered,7.88
SHP000223,O000266,2024-02-02,2024-02-05,FedEx,FED00000223,Delivered,7.7
SHP000224,O000267,2024-05-24,2024-05-29,USPS,USP00000224,Delivered,8.71
SHP000225,O000268,2024-06-24,2024-06-29,FedEx,FED00000225,Delivered,7.21
SHP000226,O000270,2024-01-15,2024-01-19,UPS,UPS00000226,Delivered,5.8
SHP000227,O000272,2024-02-03,2024-02-07,UPS,UPS00000227,Delivered,6.12
SHP000228,O000273,2024-05-14,2024-05-19,UPS,UPS00000228,Delivered,8.04
SHP000229,O000274,2024-02-13,2024-02-19,USPS,USP00000229,Delivered,7.41
SHP000230,O000275,2024-02-06,2024-02-09,DHL,DHL00000230,Delivered,5.59
SHP000231,O000276,2024-05-10,2024-05-13,USPS,USP00000231,Delivered,6.04
SHP000232,O000277,2024-05-05,2024-05-10,DHL,DHL00000232,Delivered,6.35
SHP000233,O000278,2024-06-25,2024-06-27,USPS,USP00000233,Delivered,6.76
SHP000234,O000280,2024-06-02,2024-06-08,UPS,UPS00000234,Delivered,7.39
SHP000235,O000281,2024-01-22,2024-01-27,DHL,DHL00000235,Delivered,6.52
SHP000236,O000282,2024-05-18,2024-05-20,USPS,USP00000236,Delivered,7.34
SHP000237,O000283,2024-04-10,2024-04-13,USPS,USP00000237,Delivered,7.33
SHP000238,O000285,2024-03-30,2024-04-05,USPS,USP00000238,Delivered,9.29
SHP000239,O000286,2024-06-07,2024-06-13,FedEx,FED00000239,Delivered,7.11
SHP000240,O000287,2024-01-13,2024-01-17,UPS,UPS00000240,Delivered,7.47
SHP000241,O000288,2024-06-08,2024-06-13,UPS,UPS00000241,Delivered,5.81
SHP000242,O000289,2024-05-24,2024-05-28,USPS,USP00000242,Delivered,9.53
SHP000243,O000290,2024-05-31,2024-06-02,FedEx,FED00000243,Delivered,5.8
SHP000244,O000291,2024-02-26,2024-02-29,DHL,DHL00000244,Delivered,6.52
SHP000245,O000292,2024-06-25,2024-06-28,FedEx,FED00000245,Delivered,9.53
SHP000246,O000293,2024-02-09,2024-02-13,UPS,UPS00000246,Delivered,5.11
SHP000247,O000294,2024-02-13,2024-02-15,DHL,DHL00000247,Delivered,6.45
SHP000248,O000296,2024-04-22,2024-04-27,FedEx,FED00000248,Delivered,6.04
SHP000249,O000297,2024-04-10,2024-04-14,FedEx,FED00000249,Delivered,6.9
SHP000250,O000298,2024-06-01,2024-06-04,USPS,USP00000250,Delivered,7.45
SHP000251,O000299,2024-01-16,2024-01-22,USPS,USP00000251,Delivered,6.57
SHP000252,O000300,2024-03-03,2024-03-05,DHL,DHL00000252,Delivered,5.59
SHP000253,O000301,2024-04-01,2024-04-05,FedEx,FED00000253,Delivered,3.33
SHP000254,O000303,2024-01-31,2024-02-04,UPS,UPS00000254,Delivered,7.46
SHP000255,O000304,2024-05-22,2024-05-24,FedEx,FED00000255,Delivered,6.53
SHP000256,O000305,2024-06-20,2024-06-22,FedEx,FED00000256,Delivered,7.06
SHP000257,O000306,2024-01-15,2024-01-17,FedEx,FED00000257,Delivered,6.43
SHP000258,O000307,2024-07-02,,UPS,UPS00000258,InTransit,6.67
SHP000259,O000308,2024-04-24,2024-04-26,DHL,DHL00000259,Delivered,8.31
SHP000260,O000309,2024-02-28,2024-03-01,USPS,USP00000260,Delivered,6.06
SHP000261,O000310,2024-01-17,2024-01-21,USPS,USP00000261,Delivered,6.5
SHP000262,O000311,2024-04-22,2024-04-25,UPS,UPS00000262,Delivered,6.47
SHP000263,O000312,2024-05-31,2024-06-06,FedEx,FED00000263,Delivered,4.47
SHP000264,O000313,2024-05-24,2024-05-27,UPS,UPS00000264,Delivered,6.49
SHP000265,O000314,2024-04-30,2024-05-06,UPS,UPS00000265,Delivered,7.09
SHP000266,O000315,2024-04-26,2024-04-28,UPS,UPS00000266,Delivered,3.32
SHP000267,O000316,2024-04-06,2024-04-12,FedEx,FED00000267,Delivered,6.7
SHP000268,O000317,2024-04-24,2024-04-30,DHL,DHL00000268,Delivered,7.88
SHP000269,O000319,2024-03-07,2024-03-11,DHL,DHL00000269,Delivered,6.25
SHP000270,O000320,2024-05-19,2024-05-25,FedEx,FED00000270,Delivered,9.98
SHP000271,O000321,2024-05-16,2024-05-18,USPS,USP00000271,Delivered,5.46
SHP000272,O000322,2024-02-25,2024-02-27,USPS,USP00000272,Delivered,5.59
SHP000273,O000323,2024-05-22,2024-05-27,USPS,USP00000273,Delivered,6.37
SHP000274,O000324,2024-01-10,2024-01-12,USPS,USP00000274,Delivered,7.55
SHP000275,O000325,2024-04-24,2024-04-30,DHL,DHL00000275,Delivered,3.18
SHP000276,O000326,2024-06-10,2024-06-12,USPS,USP00000276,Delivered,10.01
SHP000277,O000327,2024-01-20,2024-01-22,USPS,USP00000277,Delivered,5.95
SHP000278,O000328,2024-04-08,2024-04-13,USPS,USP00000278,Delivered,5.69
SHP000279,O000329,2024-05-23,2024-05-26,UPS,UPS00000279,Delivered,7.05
SHP000280,O000331,2024-02-14,2024-02-16,DHL,DHL00000280,Delivered,8.88
SHP000281,O000333,2024-03-11,2024-03-17,UPS,UPS00000281,Delivered,6.25
SHP000282,O000334,2024-05-22,2024-05-24,UPS,UPS00000282,Delivered,6.12
SHP000283,O000335,2024-05-18,2024-05-23,FedEx,FED00000283,Delivered,5.89
SHP000284,O000336,2024-02-21,2024-02-25,FedEx,FED00000284,Delivered,5.55
SHP000285,O000337,2024-04-11,2024-04-16,USPS,USP00000285,Delivered,6.42
SHP000286,O000338,2024-01-18,2024-01-20,USPS,USP00000286,Delivered,7.14
SHP000287,O000339,2024-06-16,2024-06-19,USPS,USP00000287,Delivered,6.46
SHP000288,O000340,2024-03-01,2024-03-07,FedEx,FED00000288,Delivered,5.22
SHP000289,O000343,2024-01-01,2024-01-03,DHL,DHL00000289,Delivered,8.81
SHP000290,O000346,2024-06-14,2024-06-17,UPS,UPS00000290,Delivered,5.92
SHP000291,O000347,2024-01-25,2024-01-27,DHL,DHL00000291,Delivered,6.29
SHP000292,O000348,2024-04-29,2024-05-02,DHL,DHL00000292,Delivered,6.07
SHP000293,O000349,2024-02-15,2024-02-19,DHL,DHL00000293,Delivered,9.47
SHP000294,O000353,2024-04-22,2024-04-28,USPS,USP00000294,Delivered,6.13
SHP000295,O000354,2024-03-24,2024-03-27,UPS,UPS00000295,Delivered,7.68
SHP000296,O000355,2024-03-08,2024-03-14,FedEx,FED00000296,Delivered,8.03
SHP000297,O000359,2024-01-10,2024-01-12,UPS,UPS00000297,Delivered,6.4
SHP000298,O000360,2024-01-30,2024-02-04,UPS,UPS00000298,Delivered,5.66
SHP000299,O000361,2024-03-31,2024-04-02,USPS,USP00000299,Delivered,5.56
SHP000300,O000363,2024-04-06,2024-04-11,USPS,USP00000300,Delivered,7.82
SHP000301,O000364,2024-06-24,2024-06-27,USPS,USP00000301,Delivered,8.48
SHP000302,O000365,2024-01-03,2024-01-05,UPS,UPS00000302,Delivered,9.66
SHP000303,O000366,2024-01-11,2024-01-16,USPS,USP00000303,Delivered,9.41
SHP000304,O000367,2024-05-26,2024-05-30,FedEx,FED00000304,Delivered,6.37
SHP000305,O000368,2024-03-07,2024-03-09,USPS,USP00000305,Delivered,8.02
SHP000306,O000369,2024-01-28,2024-02-03,FedEx,FED00000306,Delivered,7.31
SHP000307,O000370,2024-05-21,2024-05-24,FedEx,FED00000307,Delivered,7.57
SHP000308,O000371,2024-03-06,2024-03-08,USPS,USP00000308,Delivered,6.79
SHP000309,O000372,2024-06-28,,DHL,DHL00000309,InTransit,7.04
SHP000310,O000374,2024-05-17,2024-05-22,USPS,USP00000310,Delivered,7.15
SHP000311,O000375,2024-04-18,2024-04-22,USPS,USP00000311,Delivered,4.87
SHP000312,O000376,2024-01-13,2024-01-15,UPS,UPS00000312,Delivered,6.31
SHP000313,O000377,2024-06-18,2024-06-20,DHL,DHL00000313,Delivered,7.16
SHP000314,O000378,2024-02-26,2024-02-29,UPS,UPS00000314,Delivered,3.54
SHP000315,O000380,2024-03-04,2024-03-10,UPS,UPS00000315,Delivered,6.17
SHP000316,O000381,2024-03-28,2024-04-01,UPS,UPS00000316,Delivered,5.95
SHP000317,O000382,2024-03-09,2024-03-11,UPS,UPS00000317,Delivered,6.42
SHP000318,O000383,2024-05-19,2024-05-23,USPS,USP00000318,Delivered,6.28
SHP000319,O000384,2024-06-26,,USPS,USP00000319,InTransit,5.57
SHP000320,O000385,2024-02-20,2024-02-24,UPS,UPS00000320,Delivered,6.29
SHP000321,O000386,2024-01-07,2024-01-12,FedEx,FED00000321,Delivered,6.15
SHP000322,O000387,2024-01-11,2024-01-14,FedEx,FED00000322,Delivered,7.42
SHP000323,O000388,2024-02-13,2024-02-19,DHL,DHL00000323,Delivered,6.37
SHP000324,O000389,2024-05-13,2024-05-15,USPS,USP00000324,Delivered,5.31
SHP000325,O000391,2024-03-25,2024-03-28,FedEx,FED00000325,Delivered,6.87
SHP000326,O000392,2024-04-02,2024-04-04,FedEx,FED00000326,Delivered,7.04
SHP000327,O000393,2024-05-07,2024-05-11,DHL,DHL00000327,Delivered,6.5
SHP000328,O000394,2024-03-21,2024-03-27,DHL,DHL00000328,Delivered,7.39
SHP000329,O000395,2024-02-25,2024-03-02,FedEx,FED00000329,Delivered,6.48
SHP000330,O000396,2024-04-23,2024-04-29,DHL,DHL00000330,Delivered,6.82
SHP000331,O000398,2024-04-06,2024-04-10,USPS,USP00000331,Delivered,6.37
SHP000332,O000399,2024-06-27,2024-06-30,USPS,USP00000332,Delivered,7.22
SHP000333,O000400,2024-02-01,2024-02-06,FedEx,FED00000333,Delivered,6.17
SHP000334,O000402,2024-03-13,2024-03-19,DHL,DHL00000334,Delivered,8.22
SHP000335,O000403,2024-01-17,2024-01-20,UPS,UPS00000335,Delivered,5.26
SHP000336,O000404,2024-01-06,2024-01-09,USPS,USP00000336,Delivered,6.05
SHP000337,O000405,2024-03-28,2024-03-31,USPS,USP00000337,Delivered,6.52
SHP000338,O000406,2024-02-29,2024-03-04,FedEx,FED00000338,Delivered,7.4
SHP000339,O000407,2024-03-22,2024-03-25,UPS,UPS00000339,Delivered,6.04
SHP000340,O000408,2024-03-25,2024-03-30,DHL,DHL00000340,Delivered,6.84
SHP000341,O000409,2024-05-04,2024-05-09,FedEx,FED00000341,Delivered,5.32
SHP000342,O000410,2024-01-10,2024-01-12,USPS,USP00000342,Delivered,7.88
SHP000343,O000412,2024-05-29,2024-05-31,DHL,DHL00000343,Delivered,6.93
SHP000344,O000413,2024-05-11,2024-05-16,UPS,UPS00000344,Delivered,7.67
SHP000345,O000415,2024-03-16,2024-03-18,USPS,USP00000345,Delivered,3.0
SHP000346,O000416,2024-06-24,2024-06-27,USPS,USP00000346,Delivered,5.41
SHP000347,O000417,2024-02-29,2024-03-04,DHL,DHL00000347,Delivered,9.6
SHP000348,O000418,2024-01-11,2024-01-14,UPS,UPS00000348,Delivered,7.68
SHP000349,O000419,2024-03-10,2024-03-14,FedEx,FED00000349,Delivered,3.91
SHP000350,O000420,2024-04-24,2024-04-29,DHL,DHL00000350,Delivered,6.24
SHP000351,O000421,2024-03-21,2024-03-25,UPS,UPS00000351,Delivered,7.64
SHP000352,O000422,2024-03-16,2024-03-19,DHL,DHL00000352,Delivered,5.9
SHP000353,O000423,2024-06-05,2024-06-09,FedEx,FED00000353,Delivered,5.87
SHP000354,O000424,2024-02-14,2024-02-20,FedEx,FED00000354,Delivered,6.59
SHP000355,O000425,2024-05-27,2024-05-30,DHL,DHL00000355,Delivered,7.35
SHP000356,O000426,2024-01-28,2024-01-30,FedEx,FED00000356,Delivered,6.0
SHP000357,O000427,2024-02-17,2024-02-19,DHL,DHL00000357,Delivered,6.15
SHP000358,O000428,2024-06-10,2024-06-14,DHL,DHL00000358,Delivered,6.17
SHP000359,O000429,2024-05-17,2024-05-21,USPS,USP00000359,Delivered,7.98
SHP000360,O000430,2024-06-04,2024-06-10,DHL,DHL00000360,Delivered,5.61
SHP000361,O000431,2024-06-02,2024-06-04,DHL,DHL00000361,Delivered,7.35
SHP000362,O000432,2024-03-06,2024-03-08,USPS,USP00000362,Delivered,6.18
SHP000363,O000433,2024-02-15,2024-02-21,UPS,UPS00000363,Delivered,7.77
SHP000364,O000435,2024-03-29,2024-04-04,USPS,USP00000364,Delivered,6.63
SHP000365,O000436,2024-04-25,2024-04-30,USPS,USP00000365,Delivered,5.36
SHP000366,O000437,2024-06-25,2024-06-30,FedEx,FED00000366,Delivered,7.59
SHP000367,O000438,2024-02-04,2024-02-08,USPS,USP00000367,Delivered,7.13
SHP000368,O000439,2024-02-27,2024-02-29,FedEx,FED00000368,Delivered,6.26
SHP000369,O000441,2024-06-21,2024-06-25,USPS,USP00000369,Delivered,6.37
SHP000370,O000442,2024-01-25,2024-01-27,USPS,USP00000370,Delivered,7.79
SHP000371,O000443,2024-05-08,2024-05-14,FedEx,FED00000371,Delivered,6.27
SHP000372,O000444,2024-05-22,2024-05-26,DHL,DHL00000372,Delivered,8.13
SHP000373,O000446,2024-01-16,2024-01-19,UPS,UPS00000373,Delivered,5.25
SHP000374,O000447,2024-01-24,2024-01-29,USPS,USP00000374,Delivered,6.66
SHP000375,O000448,2024-07-01,,DHL,DHL00000375,InTransit,5.4
SHP000376,O000449,2024-01-23,2024-01-28,UPS,UPS00000376,Delivered,6.4
SHP000377,O000450,2024-01-24,2024-01-30,FedEx,FED00000377,Delivered,8.81
SHP000378,O000451,2024-04-05,2024-04-07,UPS,UPS00000378,Delivered,5.89
SHP000379,O000452,2024-03-02,2024-03-04,USPS,USP00000379,Delivered,6.38
SHP000380,O000453,2024-01-19,2024-01-25,FedEx,FED00000380,Delivered,5.45
SHP000381,O000454,2024-04-02,2024-04-07,DHL,DHL00000381,Delivered,5.38
SHP000382,O000455,2024-06-01,2024-06-06,FedEx,FED00000382,Delivered,6.67
SHP000383,O000456,2024-01-10,2024-01-16,USPS,USP00000383,Delivered,7.68
SHP000384,O000457,2024-03-08,2024-03-12,USPS,USP00000384,Delivered,7.56
SHP000385,O000460,2024-03-22,2024-03-26,DHL,DHL00000385,Delivered,5.4
SHP000386,O000461,2024-01-07,2024-01-10,USPS,USP00000386,Delivered,5.03
SHP000387,O000464,2024-05-27,2024-06-02,UPS,UPS00000387,Delivered,5.67
SHP000388,O000465,2024-02-19,2024-02-21,USPS,USP00000388,Delivered,7.82
SHP000389,O000466,2024-05-01,2024-05-04,DHL,DHL00000389,Delivered,5.87
SHP000390,O000467,2024-01-13,2024-01-16,DHL,DHL00000390,Delivered,7.56
SHP000391,O000469,2024-06-21,2024-06-25,USPS,USP00000391,Delivered,7.44
SHP000392,O000470,2024-04-10,2024-04-14,DHL,DHL00000392,Delivered,5.5
SHP000393,O000471,2024-04-20,2024-04-22,DHL,DHL00000393,Delivered,6.9
SHP000394,O000472,2024-01-12,2024-01-15,DHL,DHL00000394,Delivered,6.0
SHP000395,O000473,2024-03-13,2024-03-15,FedEx,FED00000395,Delivered,5.86
SHP000396,O000475,2024-01-26,2024-01-30,UPS,UPS00000396,Delivered,6.33
SHP000397,O000476,2024-05-23,2024-05-25,UPS,UPS00000397,Delivered,6.11
SHP000398,O000477,2024-01-24,2024-01-29,DHL,DHL00000398,Delivered,5.76
SHP000399,O000478,2024-04-24,2024-04-30,FedEx,FED00000399,Delivered,6.14
SHP000400,O000479,2024-02-06,2024-02-10,DHL,DHL00000400,Delivered,6.44
SHP000401,O000480,2024-01-06,2024-01-08,UPS,UPS00000401,Delivered,5.51
SHP000402,O000481,2024-04-30,2024-05-06,USPS,USP00000402,Delivered,7.38
SHP000403,O000482,2024-05-08,2024-05-10,USPS,USP00000403,Delivered,6.69
SHP000404,O000483,2024-06-09,2024-06-15,DHL,DHL00000404,Delivered,6.88
SHP000405,O000484,2024-02-11,2024-02-14,FedEx,FED00000405,Delivered,7.36
SHP000406,O000485,2024-03-22,2024-03-24,DHL,DHL00000406,Delivered,7.35
SHP000407,O000486,2024-06-26,2024-06-28,DHL,DHL00000407,Delivered,5.66
SHP000408,O000487,2024-03-19,2024-03-22,UPS,UPS00000408,Delivered,6.13
SHP000409,O000488,2024-04-07,2024-04-09,FedEx,FED00000409,Delivered,4.92
SHP000410,O000489,2024-02-09,2024-02-11,FedEx,FED00000410,Delivered,6.29
SHP000411,O000490,2024-06-27,2024-06-29,UPS,UPS00000411,Delivered,6.39
SHP000412,O000491,2024-02-22,2024-02-25,DHL,DHL00000412,Delivered,6.52
SHP000413,O000492,2024-04-16,2024-04-22,FedEx,FED00000413,Delivered,4.93
SHP000414,O000493,2024-03-27,2024-03-29,FedEx,FED00000414,Delivered,2.26
SHP000415,O000494,2024-03-09,2024-03-11,DHL,DHL00000415,Delivered,6.14
SHP000416,O000495,2024-04-23,2024-04-28,USPS,USP00000416,Delivered,5.79
SHP000417,O000496,2024-02-07,2024-02-13,FedEx,FED00000417,Delivered,5.52
SHP000418,O000497,2024-02-05,2024-02-08,UPS,UPS00000418,Delivered,6.35
SHP000419,O000498,2024-01-22,2024-01-24,USPS,USP00000419,Delivered,8.11
SHP000420,O000499,2024-03-06,2024-03-12,DHL,DHL00000420,Delivered,6.1
SHP000421,O000500,2024-01-29,2024-02-02,USPS,USP00000421,Delivered,6.34
SHP000422,O000501,2024-04-29,2024-05-05,UPS,UPS00000422,Delivered,6.83
SHP000423,O000502,2024-02-19,2024-02-21,DHL,DHL00000423,Delivered,7.27
SHP000424,O000503,2024-04-22,2024-04-28,UPS,UPS00000424,Delivered,7.28
SHP000425,O000504,2024-06-23,2024-06-27,UPS,UPS00000425,Delivered,6.87
SHP000426,O000505,2024-02-20,2024-02-22,FedEx,FED00000426,Delivered,7.46
SHP000427,O000506,2024-06-13,2024-06-17,FedEx,FED00000427,Delivered,5.88
SHP000428,O000507,2024-05-22,2024-05-26,DHL,DHL00000428,Delivered,7.86
SHP000429,O000508,2024-01-20,2024-01-24,UPS,UPS00000429,Delivered,6.62
SHP000430,O000509,2024-01-10,2024-01-14,USPS,USP00000430,Delivered,8.18
SHP000431,O000510,2024-06-30,,USPS,USP00000431,InTransit,7.97
SHP000432,O000513,2024-01-20,2024-01-23,FedEx,FED00000432,Delivered,9.09
SHP000433,O000514,2024-01-19,2024-01-22,FedEx,FED00000433,Delivered,7.11
SHP000434,O000516,2024-06-02,2024-06-07,FedEx,FED00000434,Delivered,3.43
SHP000435,O000517,2024-03-12,2024-03-16,DHL,DHL00000435,Delivered,8.84
SHP000436,O000519,2024-03-23,2024-03-27,USPS,USP00000436,Delivered,5.97
SHP000437,O000520,2024-02-04,2024-02-07,FedEx,FED00000437,Delivered,6.05
SHP000438,O000521,2024-06-08,2024-06-13,FedEx,FED00000438,Delivered,6.0
SHP000439,O000522,2024-05-11,2024-05-15,UPS,UPS00000439,Delivered,6.92
SHP000440,O000523,2024-01-31,2024-02-05,FedEx,FED00000440,Delivered,6.37
SHP000441,O000524,2024-06-29,,UPS,UPS00000441,InTransit,6.68
SHP000442,O000525,2024-03-03,2024-03-05,FedEx,FED00000442,Delivered,5.38
SHP000443,O000526,2024-05-06,2024-05-08,UPS,UPS00000443,Delivered,5.95
SHP000444,O000527,2024-03-24,2024-03-29,USPS,USP00000444,Delivered,6.88
SHP000445,O000529,2024-03-26,2024-04-01,FedEx,FED00000445,Delivered,5.02
SHP000446,O000530,2024-03-20,2024-03-25,UPS,UPS00000446,Delivered,7.9
SHP000447,O000531,2024-06-25,2024-06-27,FedEx,FED00000447,Delivered,6.0
SHP000448,O000532,2024-05-18,2024-05-23,USPS,USP00000448,Delivered,6.32
SHP000449,O000533,2024-04-17,2024-04-23,UPS,UPS00000449,Delivered,3.86
SHP000450,O000534,2024-05-15,2024-05-18,UPS,UPS00000450,Delivered,7.0
SHP000451,O000535,2024-04-16,2024-04-22,DHL,DHL00000451,Delivered,7.87
SHP000452,O000536,2024-02-28,2024-03-04,UPS,UPS00000452,Delivered,5.36
SHP000453,O000538,2024-02-23,2024-02-26,DHL,DHL00000453,Delivered,6.42
SHP000454,O000539,2024-04-27,2024-04-29,USPS,USP00000454,Delivered,3.59
SHP000455,O000540,2024-05-26,2024-05-29,UPS,UPS00000455,Delivered,9.23
SHP000456,O000541,2024-02-10,2024-02-12,UPS,UPS00000456,Delivered,7.56
SHP000457,O000542,2024-01-14,2024-01-16,DHL,DHL00000457,Delivered,8.05
SHP000458,O000543,2024-05-15,2024-05-20,DHL,DHL00000458,Delivered,8.37
SHP000459,O000544,2024-01-06,2024-01-10,USPS,USP00000459,Delivered,6.19
SHP000460,O000545,2024-03-24,2024-03-30,UPS,UPS00000460,Delivered,6.45
SHP000461,O000546,2024-02-11,2024-02-14,DHL,DHL00000461,Delivered,6.71
SHP000462,O000547,2024-02-06,2024-02-11,DHL,DHL00000462,Delivered,7.27
SHP000463,O000548,2024-02-23,2024-02-29,FedEx,FED00000463,Delivered,8.17
SHP000464,O000549,2024-04-11,2024-04-16,FedEx,FED00000464,Delivered,9.87
SHP000465,O000551,2024-01-03,2024-01-06,USPS,USP00000465,Delivered,6.58
SHP000466,O000552,2024-01-06,2024-01-08,FedEx,FED00000466,Delivered,6.19
SHP000467,O000553,2024-03-27,2024-04-01,DHL,DHL00000467,Delivered,10.06
SHP000468,O000554,2024-01-26,2024-01-31,DHL,DHL00000468,Delivered,7.72
SHP000469,O000555,2024-02-21,2024-02-26,UPS,UPS00000469,Delivered,9.49
SHP000470,O000556,2024-03-20,2024-03-25,USPS,USP00000470,Delivered,4.4
SHP000471,O000557,2024-06-04,2024-06-08,USPS,USP00000471,Delivered,7.2
SHP000472,O000558,2024-01-21,2024-01-25,USPS,USP00000472,Delivered,3.24
SHP000473,O000559,2024-03-21,2024-03-27,USPS,USP00000473,Delivered,8.62
SHP000474,O000560,2024-05-19,2024-05-24,USPS,USP00000474,Delivered,7.47
SHP000475,O000562,2024-05-10,2024-05-15,DHL,DHL00000475,Delivered,8.97
SHP000476,O000563,2024-01-25,2024-01-29,DHL,DHL00000476,Delivered,5.02
SHP000477,O000564,2024-06-26,2024-06-29,USPS,USP00000477,Delivered,6.86
SHP000478,O000565,2024-05-04,2024-05-09,DHL,DHL00000478,Delivered,7.32
SHP000479,O000567,2024-06-28,,DHL,DHL00000479,InTransit,6.81
SHP000480,O000568,2024-03-16,2024-03-22,DHL,DHL00000480,Delivered,6.08
SHP000481,O000569,2024-06-13,2024-06-15,DHL,DHL00000481,Delivered,6.98
SHP000482,O000570,2024-02-05,2024-02-09,USPS,USP00000482,Delivered,6.38
SHP000483,O000571,2024-01-22,2024-01-28,UPS,UPS00000483,Delivered,5.37
SHP000484,O000572,2024-02-05,2024-02-10,UPS,UPS00000484,Delivered,6.84
SHP000485,O000574,2024-06-26,,DHL,DHL00000485,InTransit,7.02
SHP000486,O000576,2024-05-31,2024-06-02,DHL,DHL00000486,Delivered,5.94
SHP000487,O000577,2024-02-20,2024-02-23,DHL,DHL00000487,Delivered,6.96
SHP000488,O000578,2024-04-24,2024-04-27,DHL,DHL00000488,Delivered,4.78
SHP000489,O000579,2024-02-10,2024-02-12,FedEx,FED00000489,Delivered,6.63
SHP000490,O000580,2024-01-12,2024-01-17,DHL,DHL00000490,Delivered,6.65
SHP000491,O000582,2024-03-12,2024-03-15,UPS,UPS00000491,Delivered,8.94
SHP000492,O000583,2024-01-28,2024-02-01,DHL,DHL00000492,Delivered,6.96
SHP000493,O000584,2024-05-01,2024-05-03,FedEx,FED00000493,Delivered,6.56
SHP000494,O000585,2024-03-06,2024-03-08,UPS,UPS00000494,Delivered,7.55
SHP000495,O000586,2024-02-09,2024-02-13,USPS,USP00000495,Delivered,6.34
SHP000496,O000587,2024-04-03,2024-04-05,DHL,DHL00000496,Delivered,8.25
SHP000497,O000588,2024-03-31,2024-04-02,DHL,DHL00000497,Delivered,7.74
SHP000498,O000589,2024-03-05,2024-03-07,FedEx,FED00000498,Delivered,9.16
SHP000499,O000591,2024-03-10,2024-03-16,USPS,USP00000499,Delivered,7.7
SHP000500,O000592,2024-01-05,2024-01-08,UPS,UPS00000500,Delivered,5.67
SHP000501,O000593,2024-05-17,2024-05-23,DHL,DHL00000501,Delivered,5.3
SHP000502,O000594,2024-04-03,2024-04-06,DHL,DHL00000502,Delivered,7.02
SHP000503,O000595,2024-06-10,2024-06-13,DHL,DHL00000503,Delivered,8.12
SHP000504,O000596,2024-04-02,2024-04-05,FedEx,FED00000504,Delivered,6.33
SHP000505,O000597,2024-04-30,2024-05-06,UPS,UPS00000505,Delivered,6.87
SHP000506,O000598,2024-04-26,2024-05-02,USPS,USP00000506,Delivered,6.11
SHP000507,O000599,2024-05-11,2024-05-17,UPS,UPS00000507,Delivered,5.4
SHP000508,O000600,2024-05-25,2024-05-27,UPS,UPS00000508,Delivered,6.21
SHP000509,O000601,2024-05-30,2024-06-02,USPS,USP00000509,Delivered,6.23
SHP000510,O000602,2024-04-17,2024-04-21,FedEx,FED00000510,Delivered,6.75
SHP000511,O000603,2024-01-27,2024-01-29,UPS,UPS00000511,Delivered,5.55
SHP000512,O000604,2024-02-12,2024-02-18,DHL,DHL00000512,Delivered,5.68
SHP000513,O000605,2024-06-12,2024-06-18,FedEx,FED00000513,Delivered,6.39
SHP000514,O000606,2024-02-02,2024-02-04,DHL,DHL00000514,Delivered,7.08
SHP000515,O000607,2024-04-07,2024-04-13,USPS,USP00000515,Delivered,6.8
SHP000516,O000608,2024-01-22,2024-01-27,UPS,UPS00000516,Delivered,7.26
SHP000517,O000609,2024-03-15,2024-03-18,UPS,UPS00000517,Delivered,7.23
SHP000518,O000610,2024-02-11,2024-02-16,DHL,DHL00000518,Delivered,6.08
SHP000519,O000611,2024-04-11,2024-04-16,DHL,DHL00000519,Delivered,3.71
SHP000520,O000612,2024-02-26,2024-03-01,USPS,USP00000520,Delivered,4.85
SHP000521,O000613,2024-06-08,2024-06-13,USPS,USP00000521,Delivered,6.11
SHP000522,O000614,2024-05-30,2024-06-05,UPS,UPS00000522,Delivered,7.41
SHP000523,O000615,2024-04-30,2024-05-06,USPS,USP00000523,Delivered,7.48
SHP000524,O000616,2024-06-27,,FedEx,FED00000524,InTransit,4.87
SHP000525,O000617,2024-05-05,2024-05-10,UPS,UPS00000525,Delivered,4.89
SHP000526,O000618,2024-06-15,2024-06-17,USPS,USP00000526,Delivered,8.18
SHP000527,O000619,2024-02-06,2024-02-09,FedEx,FED00000527,Delivered,6.38
SHP000528,O000620,2024-02-06,2024-02-12,USPS,USP00000528,Delivered,7.78
SHP000529,O000621,2024-02-28,2024-03-02,USPS,USP00000529,Delivered,6.64
SHP000530,O000622,2024-05-10,2024-05-13,DHL,DHL00000530,Delivered,4.69
SHP000531,O000623,2024-03-03,2024-03-08,USPS,USP00000531,Delivered,7.18
SHP000532,O000624,2024-03-12,2024-03-15,USPS,USP00000532,Delivered,6.39
SHP000533,O000625,2024-03-07,2024-03-10,UPS,UPS00000533,Delivered,4.15
SHP000534,O000626,2024-01-29,2024-02-01,DHL,DHL00000534,Delivered,7.72
SHP000535,O000627,2024-04-08,2024-04-10,FedEx,FED00000535,Delivered,6.46
SHP000536,O000628,2024-03-17,2024-03-20,USPS,USP00000536,Delivered,6.18
SHP000537,O000629,2024-02-28,2024-03-04,UPS,UPS00000537,Delivered,6.29
SHP000538,O000630,2024-06-24,2024-06-30,USPS,USP00000538,Delivered,5.49
SHP000539,O000631,2024-05-31,2024-06-02,UPS,UPS00000539,Delivered,6.94
SHP000540,O000632,2024-01-21,2024-01-24,UPS,UPS00000540,Delivered,5.26
SHP000541,O000634,2024-03-22,2024-03-25,USPS,USP00000541,Delivered,7.04
SHP000542,O000635,2024-04-28,2024-05-04,FedEx,FED00000542,Delivered,7.93
SHP000543,O000637,2024-02-02,2024-02-06,FedEx,FED00000543,Delivered,6.02
SHP000544,O000638,2024-02-16,2024-02-21,DHL,DHL00000544,Delivered,8.45
SHP000545,O000639,2024-03-15,2024-03-18,FedEx,FED00000545,Delivered,9.15
SHP000546,O000640,2024-06-14,2024-06-16,FedEx,FED00000546,Delivered,6.45
SHP000547,O000641,2024-04-08,2024-04-10,DHL,DHL00000547,Delivered,9.21
SHP000548,O000642,2024-05-17,2024-05-23,USPS,USP00000548,Delivered,6.57
SHP000549,O000643,2024-03-26,2024-03-29,USPS,USP00000549,Delivered,7.3
SHP000550,O000644,2024-04-23,2024-04-25,UPS,UPS00000550,Delivered,6.71
SHP000551,O000645,2024-03-18,2024-03-24,UPS,UPS00000551,Delivered,8.85
SHP000552,O000646,2024-01-22,2024-01-25,UPS,UPS00000552,Delivered,8.75
SHP000553,O000647,2024-06-20,2024-06-23,UPS,UPS00000553,Delivered,9.11
SHP000554,O000648,2024-04-17,2024-04-19,DHL,DHL00000554,Delivered,6.93
SHP000555,O000649,2024-02-09,2024-02-12,USPS,USP00000555,Delivered,9.66
SHP000556,O000650,2024-01-04,2024-01-09,UPS,UPS00000556,Delivered,6.8
SHP000557,O000651,2024-05-19,2024-05-21,FedEx,FED00000557,Delivered,6.45
SHP000558,O000652,2024-02-25,2024-03-02,UPS,UPS00000558,Delivered,5.81
SHP000559,O000653,2024-02-13,2024-02-18,FedEx,FED00000559,Delivered,9.1
SHP000560,O000654,2024-01-02,2024-01-04,FedEx,FED00000560,Delivered,6.25
SHP000561,O000655,2024-03-05,2024-03-11,USPS,USP00000561,Delivered,7.76
SHP000562,O000656,2024-04-27,2024-05-01,DHL,DHL00000562,Delivered,3.32
SHP000563,O000657,2024-01-07,2024-01-09,FedEx,FED00000563,Delivered,8.33
SHP000564,O000658,2024-05-30,2024-06-04,FedEx,FED00000564,Delivered,3.83
SHP000565,O000659,2024-03-06,2024-03-09,DHL,DHL00000565,Delivered,6.04
SHP000566,O000661,2024-01-19,2024-01-21,USPS,USP00000566,Delivered,6.85
SHP000567,O000662,2024-01-10,2024-01-15,DHL,DHL00000567,Delivered,8.18
SHP000568,O000663,2024-03-07,2024-03-12,FedEx,FED00000568,Delivered,7.37
SHP000569,O000664,2024-04-27,2024-05-01,UPS,UPS00000569,Delivered,7.04
SHP000570,O000665,2024-02-09,2024-02-11,DHL,DHL00000570,Delivered,5.59
SHP000571,O000666,2024-02-23,2024-02-25,USPS,USP00000571,Delivered,5.9
SHP000572,O000667,2024-01-19,2024-01-25,FedEx,FED00000572,Delivered,7.58
SHP000573,O000669,2024-04-17,2024-04-19,UPS,UPS00000573,Delivered,3.39
SHP000574,O000670,2024-03-25,2024-03-29,UPS,UPS00000574,Delivered,5.84
SHP000575,O000671,2024-03-02,2024-03-04,DHL,DHL00000575,Delivered,6.72
SHP000576,O000672,2024-03-25,2024-03-31,DHL,DHL00000576,Delivered,7.39
SHP000577,O000673,2024-01-22,2024-01-28,USPS,USP00000577,Delivered,4.05
SHP000578,O000674,2024-03-27,2024-03-31,UPS,UPS00000578,Delivered,5.82
SHP000579,O000675,2024-06-25,2024-06-27,FedEx,FED00000579,Delivered,7.38
SHP000580,O000676,2024-02-02,2024-02-07,FedEx,FED00000580,Delivered,6.47
SHP000581,O000677,2024-02-12,2024-02-14,DHL,DHL00000581,Delivered,4.93
SHP000582,O000678,2024-01-25,2024-01-27,DHL,DHL00000582,Delivered,4.23
SHP000583,O000680,2024-06-25,2024-06-30,FedEx,FED00000583,Delivered,6.72
SHP000584,O000681,2024-01-14,2024-01-19,UPS,UPS00000584,Delivered,4.88
SHP000585,O000682,2024-05-09,2024-05-15,FedEx,FED00000585,Delivered,6.07
SHP000586,O000683,2024-03-16,2024-03-21,USPS,USP00000586,Delivered,7.05
SHP000587,O000684,2024-05-12,2024-05-16,UPS,UPS00000587,Delivered,6.74
SHP000588,O000685,2024-01-08,2024-01-13,FedEx,FED00000588,Delivered,6.83
SHP000589,O000687,2024-03-23,2024-03-28,DHL,DHL00000589,Delivered,6.67
SHP000590,O000688,2024-05-17,2024-05-19,UPS,UPS00000590,Delivered,4.08
SHP000591,O000690,2024-04-02,2024-04-07,DHL,DHL00000591,Delivered,7.74
SHP000592,O000691,2024-06-01,2024-06-05,UPS,UPS00000592,Delivered,7.55
SHP000593,O000692,2024-03-23,2024-03-27,UPS,UPS00000593,Delivered,6.61
SHP000594,O000694,2024-03-19,2024-03-22,UPS,UPS00000594,Delivered,7.49
SHP000595,O000695,2024-02-08,2024-02-11,FedEx,FED00000595,Delivered,6.48
SHP000596,O000696,2024-02-29,2024-03-04,FedEx,FED00000596,Delivered,6.57
SHP000597,O000697,2024-04-11,2024-04-15,UPS,UPS00000597,Delivered,7.68
SHP000598,O000699,2024-05-22,2024-05-26,FedEx,FED00000598,Delivered,4.18
SHP000599,O000701,2024-04-15,2024-04-18,USPS,USP00000599,Delivered,3.38
SHP000600,O000702,2024-06-12,2024-06-14,USPS,USP00000600,Delivered,7.87
SHP000601,O000703,2024-01-06,2024-01-08,FedEx,FED00000601,Delivered,6.99
SHP000602,O000704,2024-02-12,2024-02-16,DHL,DHL00000602,Delivered,9.03
SHP000603,O000705,2024-06-06,2024-06-09,DHL,DHL00000603,Delivered,5.71
SHP000604,O000707,2024-04-25,2024-04-27,DHL,DHL00000604,Delivered,5.99
SHP000605,O000708,2024-05-06,2024-05-10,FedEx,FED00000605,Delivered,6.66
SHP000606,O000709,2024-02-07,2024-02-11,USPS,USP00000606,Delivered,6.9
SHP000607,O000710,2024-01-08,2024-01-14,DHL,DHL00000607,Delivered,5.89
SHP000608,O000711,2024-02-01,2024-02-07,UPS,UPS00000608,Delivered,6.59
SHP000609,O000712,2024-04-19,2024-04-23,DHL,DHL00000609,Delivered,5.47
SHP000610,O000713,2024-06-22,2024-06-26,FedEx,FED00000610,Delivered,5.42
SHP000611,O000714,2024-03-06,2024-03-09,USPS,USP00000611,Delivered,6.66
SHP000612,O000715,2024-04-14,2024-04-18,UPS,UPS00000612,Delivered,6.42
SHP000613,O000716,2024-02-09,2024-02-11,FedEx,FED00000613,Delivered,5.74
SHP000614,O000717,2024-03-12,2024-03-17,FedEx,FED00000614,Delivered,5.5
SHP000615,O000718,2024-01-05,2024-01-10,DHL,DHL00000615,Delivered,5.31
SHP000616,O000719,2024-02-19,2024-02-21,USPS,USP00000616,Delivered,6.61
SHP000617,O000720,2024-02-18,2024-02-23,DHL,DHL00000617,Delivered,5.87
SHP000618,O000721,2024-06-06,2024-06-12,DHL,DHL00000618,Delivered,5.36
SHP000619,O000722,2024-02-09,2024-02-12,DHL,DHL00000619,Delivered,6.63
SHP000620,O000724,2024-02-26,2024-02-28,DHL,DHL00000620,Delivered,5.19
SHP000621,O000726,2024-06-06,2024-06-08,DHL,DHL00000621,Delivered,6.36
SHP000622,O000727,2024-06-05,2024-06-11,DHL,DHL00000622,Delivered,6.43
SHP000623,O000728,2024-01-14,2024-01-20,UPS,UPS00000623,Delivered,6.41
SHP000624,O000729,2024-01-06,2024-01-09,DHL,DHL00000624,Delivered,7.36
SHP000625,O000730,2024-05-26,2024-05-28,DHL,DHL00000625,Delivered,6.29
SHP000626,O000731,2024-04-01,2024-04-05,UPS,UPS00000626,Delivered,5.03
SHP000627,O000732,2024-01-12,2024-01-15,DHL,DHL00000627,Delivered,3.5
SHP000628,O000733,2024-03-12,2024-03-15,FedEx,FED00000628,Delivered,7.18
SHP000629,O000734,2024-01-12,2024-01-18,UPS,UPS00000629,Delivered,7.14
SHP000630,O000735,2024-06-02,2024-06-05,DHL,DHL00000630,Delivered,7.37
SHP000631,O000736,2024-01-09,2024-01-11,DHL,DHL00000631,Delivered,6.71
SHP000632,O000737,2024-03-05,2024-03-07,USPS,USP00000632,Delivered,6.47
SHP000633,O000738,2024-04-17,2024-04-19,USPS,USP00000633,Delivered,8.71
SHP000634,O000740,2024-06-14,2024-06-20,FedEx,FED00000634,Delivered,4.1
SHP000635,O000741,2024-02-13,2024-02-19,FedEx,FED00000635,Delivered,8.03
SHP000636,O000742,2024-04-15,2024-04-19,FedEx,FED00000636,Delivered,6.12
SHP000637,O000743,2024-05-25,2024-05-31,USPS,USP00000637,Delivered,6.11
SHP000638,O000744,2024-05-05,2024-05-08,USPS,USP00000638,Delivered,7.88
SHP000639,O000745,2024-06-05,2024-06-07,UPS,UPS00000639,Delivered,7.12
SHP000640,O000746,2024-02-26,2024-02-29,USPS,USP00000640,Delivered,8.88
SHP000641,O000747,2024-02-26,2024-03-03,FedEx,FED00000641,Delivered,6.44
SHP000642,O000748,2024-03-26,2024-04-01,USPS,USP00000642,Delivered,8.87
SHP000643,O000750,2024-05-11,2024-05-14,FedEx,FED00000643,Delivered,4.76
SHP000644,O000751,2024-05-20,2024-05-25,DHL,DHL00000644,Delivered,7.0
SHP000645,O000753,2024-04-02,2024-04-08,DHL,DHL00000645,Delivered,7.18
SHP000646,O000754,2024-02-23,2024-02-27,FedEx,FED00000646,Delivered,7.34
SHP000647,O000755,2024-03-26,2024-03-28,UPS,UPS00000647,Delivered,6.88
SHP000648,O000756,2024-03-06,2024-03-10,DHL,DHL00000648,Delivered,5.87
SHP000649,O000757,2024-01-23,2024-01-27,USPS,USP00000649,Delivered,7.3
SHP000650,O000758,2024-05-17,2024-05-20,FedEx,FED00000650,Delivered,7.02
SHP000651,O000759,2024-03-05,2024-03-09,DHL,DHL00000651,Delivered,5.97
SHP000652,O000762,2024-05-14,2024-05-17,DHL,DHL00000652,Delivered,6.56
SHP000653,O000763,2024-04-02,2024-04-08,UPS,UPS00000653,Delivered,7.51
SHP000654,O000764,2024-01-16,2024-01-20,UPS,UPS00000654,Delivered,7.51
SHP000655,O000766,2024-04-16,2024-04-20,FedEx,FED00000655,Delivered,7.7
SHP000656,O000767,2024-04-17,2024-04-20,USPS,USP00000656,Delivered,8.36
SHP000657,O000768,2024-02-02,2024-02-06,DHL,DHL00000657,Delivered,6.0
SHP000658,O000769,2024-07-03,,USPS,USP00000658,InTransit,6.8
SHP000659,O000770,2024-05-09,2024-05-13,USPS,USP00000659,Delivered,6.81
SHP000660,O000771,2024-05-05,2024-05-09,USPS,USP00000660,Delivered,4.68
SHP000661,O000772,2024-02-06,2024-02-11,USPS,USP00000661,Delivered,7.57
SHP000662,O000773,2024-04-26,2024-04-30,UPS,UPS00000662,Delivered,6.12
SHP000663,O000774,2024-02-02,2024-02-04,USPS,USP00000663,Delivered,5.58
SHP000664,O000775,2024-02-27,2024-03-04,FedEx,FED00000664,Delivered,5.85
SHP000665,O000776,2024-06-21,2024-06-27,USPS,USP00000665,Delivered,3.3
SHP000666,O000778,2024-06-12,2024-06-17,DHL,DHL00000666,Delivered,7.19
SHP000667,O000779,2024-02-01,2024-02-05,FedEx,FED00000667,Delivered,7.14
SHP000668,O000780,2024-01-31,2024-02-06,FedEx,FED00000668,Delivered,3.2
SHP000669,O000781,2024-06-18,2024-06-22,UPS,UPS00000669,Delivered,6.22
SHP000670,O000784,2024-06-10,2024-06-14,USPS,USP00000670,Delivered,7.63
SHP000671,O000785,2024-06-15,2024-06-20,USPS,USP00000671,Delivered,4.14
SHP000672,O000786,2024-06-20,2024-06-24,FedEx,FED00000672,Delivered,7.47
SHP000673,O000788,2024-07-02,,DHL,DHL00000673,InTransit,7.47
SHP000674,O000789,2024-02-03,2024-02-08,USPS,USP00000674,Delivered,6.63
SHP000675,O000790,2024-03-08,2024-03-13,USPS,USP00000675,Delivered,7.26
SHP000676,O000791,2024-05-11,2024-05-13,USPS,USP00000676,Delivered,6.06
SHP000677,O000792,2024-05-31,2024-06-03,DHL,DHL00000677,Delivered,8.15
SHP000678,O000793,2024-01-07,2024-01-13,UPS,UPS00000678,Delivered,5.86
SHP000679,O000794,2024-05-21,2024-05-24,DHL,DHL00000679,Delivered,7.24
SHP000680,O000796,2024-04-29,2024-05-01,DHL,DHL00000680,Delivered,6.67
SHP000681,O000797,2024-03-02,2024-03-07,UPS,UPS00000681,Delivered,6.95
SHP000682,O000798,2024-02-04,2024-02-09,USPS,USP00000682,Delivered,6.2
SHP000683,O000799,2024-04-08,2024-04-11,UPS,UPS00000683,Delivered,8.04
SHP000684,O000800,2024-03-29,2024-04-03,UPS,UPS00000684,Delivered,5.38
SHP000685,O000801,2024-04-10,2024-04-15,USPS,USP00000685,Delivered,8.55
SHP000686,O000802,2024-05-03,2024-05-07,DHL,DHL00000686,Delivered,8.0
SHP000687,O000803,2024-01-13,2024-01-18,UPS,UPS00000687,Delivered,6.66
SHP000688,O000804,2024-06-26,,UPS,UPS00000688,InTransit,6.92
SHP000689,O000805,2024-04-12,2024-04-16,FedEx,FED00000689,Delivered,6.62
SHP000690,O000806,2024-01-03,2024-01-09,FedEx,FED00000690,Delivered,6.01
SHP000691,O000807,2024-05-10,2024-05-15,FedEx,FED00000691,Delivered,3.57
SHP000692,O000808,2024-06-27,,DHL,DHL00000692,InTransit,2.47
SHP000693,O000811,2024-04-19,2024-04-22,DHL,DHL00000693,Delivered,6.38
SHP000694,O000813,2024-05-12,2024-05-17,UPS,UPS00000694,Delivered,7.85
SHP000695,O000815,2024-02-02,2024-02-06,USPS,USP00000695,Delivered,6.09
SHP000696,O000816,2024-01-06,2024-01-08,DHL,DHL00000696,Delivered,8.94
SHP000697,O000817,2024-03-10,2024-03-13,DHL,DHL00000697,Delivered,3.77
SHP000698,O000819,2024-03-25,2024-03-29,USPS,USP00000698,Delivered,5.98
SHP000699,O000820,2024-04-14,2024-04-17,FedEx,FED00000699,Delivered,7.53
SHP000700,O000821,2024-06-29,,USPS,USP00000700,InTransit,8.85
SHP000701,O000822,2024-04-14,2024-04-17,UPS,UPS00000701,Delivered,6.6
SHP000702,O000823,2024-04-07,2024-04-13,UPS,UPS00000702,Delivered,6.24
SHP000703,O000824,2024-01-29,2024-02-03,USPS,USP00000703,Delivered,7.3
SHP000704,O000826,2024-02-05,2024-02-09,FedEx,FED00000704,Delivered,6.38
SHP000705,O000827,2024-03-19,2024-03-22,USPS,USP00000705,Delivered,6.57
SHP000706,O000828,2024-05-17,2024-05-20,USPS,USP00000706,Delivered,7.17
SHP000707,O000830,2024-05-07,2024-05-12,USPS,USP00000707,Delivered,8.62
SHP000708,O000831,2024-02-11,2024-02-15,DHL,DHL00000708,Delivered,6.27
SHP000709,O000832,2024-03-04,2024-03-07,USPS,USP00000709,Delivered,6.35
SHP000710,O000833,2024-03-08,2024-03-14,DHL,DHL00000710,Delivered,7.17
SHP000711,O000834,2024-01-08,2024-01-11,USPS,USP00000711,Delivered,6.11
SHP000712,O000835,2024-03-05,2024-03-08,USPS,USP00000712,Delivered,9.26
SHP000713,O000836,2024-01-08,2024-01-11,USPS,USP00000713,Delivered,6.7
SHP000714,O000838,2024-03-01,2024-03-06,FedEx,FED00000714,Delivered,5.99
SHP000715,O000839,2024-05-11,2024-05-13,DHL,DHL00000715,Delivered,5.35
SHP000716,O000840,2024-01-19,2024-01-21,UPS,UPS00000716,Delivered,6.56
SHP000717,O000841,2024-03-16,2024-03-19,UPS,UPS00000717,Delivered,3.63
SHP000718,O000842,2024-05-12,2024-05-17,FedEx,FED00000718,Delivered,4.81
SHP000719,O000843,2024-05-05,2024-05-08,USPS,USP00000719,Delivered,7.16
SHP000720,O000844,2024-03-15,2024-03-21,FedEx,FED00000720,Delivered,6.15
SHP000721,O000845,2024-05-01,2024-05-03,UPS,UPS00000721,Delivered,5.37
SHP000722,O000846,2024-03-20,2024-03-25,USPS,USP00000722,Delivered,6.26
SHP000723,O000847,2024-02-24,2024-02-27,USPS,USP00000723,Delivered,7.25
SHP000724,O000848,2024-03-18,2024-03-21,USPS,USP00000724,Delivered,7.01
SHP000725,O000850,2024-01-31,2024-02-05,DHL,DHL00000725,Delivered,6.43
SHP000726,O000851,2024-05-27,2024-06-02,USPS,USP00000726,Delivered,6.55
SHP000727,O000852,2024-03-14,2024-03-17,UPS,UPS00000727,Delivered,7.78
SHP000728,O000853,2024-04-28,2024-05-02,UPS,UPS00000728,Delivered,6.61
SHP000729,O000854,2024-03-05,2024-03-09,DHL,DHL00000729,Delivered,6.55
SHP000730,O000856,2024-01-22,2024-01-26,USPS,USP00000730,Delivered,7.47
SHP000731,O000857,2024-04-12,2024-04-14,FedEx,FED00000731,Delivered,6.07
SHP000732,O000858,2024-06-07,2024-06-10,UPS,UPS00000732,Delivered,6.77
SHP000733,O000859,2024-01-12,2024-01-18,USPS,USP00000733,Delivered,6.94
SHP000734,O000860,2024-01-18,2024-01-23,UPS,UPS00000734,Delivered,7.46
SHP000735,O000861,2024-07-01,,DHL,DHL00000735,InTransit,8.91
SHP000736,O000865,2024-03-02,2024-03-05,DHL,DHL00000736,Delivered,6.29
SHP000737,O000866,2024-01-27,2024-01-31,UPS,UPS00000737,Delivered,6.34
SHP000738,O000868,2024-01-14,2024-01-16,UPS,UPS00000738,Delivered,6.67
SHP000739,O000869,2024-06-19,2024-06-22,UPS,UPS00000739,Delivered,7.03
SHP000740,O000870,2024-02-19,2024-02-24,DHL,DHL00000740,Delivered,7.74
SHP000741,O000871,2024-01-30,2024-02-05,UPS,UPS00000741,Delivered,7.38
SHP000742,O000872,2024-01-30,2024-02-04,FedEx,FED00000742,Delivered,8.49
SHP000743,O000873,2024-05-06,2024-05-11,UPS,UPS00000743,Delivered,5.94
SHP000744,O000874,2024-02-08,2024-02-14,USPS,USP00000744,Delivered,6.17
SHP000745,O000875,2024-05-31,2024-06-03,USPS,USP00000745,Delivered,6.06
SHP000746,O000877,2024-05-12,2024-05-16,USPS,USP00000746,Delivered,6.5
SHP000747,O000878,2024-02-19,2024-02-23,USPS,USP00000747,Delivered,7.68
SHP000748,O000879,2024-06-25,2024-06-28,UPS,UPS00000748,Delivered,6.27
SHP000749,O000880,2024-02-26,2024-03-01,FedEx,FED00000749,Delivered,6.6
SHP000750,O000881,2024-02-02,2024-02-06,UPS,UPS00000750,Delivered,5.83
SHP000751,O000882,2024-02-22,2024-02-27,DHL,DHL00000751,Delivered,6.74
SHP000752,O000884,2024-03-27,2024-03-29,USPS,USP00000752,Delivered,7.22
SHP000753,O000886,2024-04-24,2024-04-27,FedEx,FED00000753,Delivered,6.45
SHP000754,O000887,2024-06-29,,USPS,USP00000754,InTransit,7.22
SHP000755,O000888,2024-05-16,2024-05-20,DHL,DHL00000755,Delivered,7.54
SHP000756,O000889,2024-06-25,2024-06-30,UPS,UPS00000756,Delivered,6.5
SHP000757,O000890,2024-02-26,2024-02-28,DHL,DHL00000757,Delivered,6.9
SHP000758,O000891,2024-05-09,2024-05-13,FedEx,FED00000758,Delivered,6.86
SHP000759,O000893,2024-02-25,2024-03-01,FedEx,FED00000759,Delivered,6.56
SHP000760,O000894,2024-06-01,2024-06-05,FedEx,FED00000760,Delivered,7.33
SHP000761,O000895,2024-04-29,2024-05-03,USPS,USP00000761,Delivered,5.85
SHP000762,O000896,2024-06-26,,FedEx,FED00000762,InTransit,6.93
SHP000763,O000897,2024-04-20,2024-04-26,USPS,USP00000763,Delivered,5.71
SHP000764,O000899,2024-01-10,2024-01-14,UPS,UPS00000764,Delivered,5.27
SHP000765,O000900,2024-01-28,2024-01-31,FedEx,FED00000765,Delivered,8.08
SHP000766,O000901,2024-06-12,2024-06-17,UPS,UPS00000766,Delivered,8.07
SHP000767,O000902,2024-03-16,2024-03-22,USPS,USP00000767,Delivered,6.32
SHP000768,O000903,2024-03-12,2024-03-17,USPS,USP00000768,Delivered,4.12
SHP000769,O000904,2024-04-29,2024-05-01,USPS,USP00000769,Delivered,8.08
SHP000770,O000905,2024-05-09,2024-05-14,USPS,USP00000770,Delivered,8.05
SHP000771,O000906,2024-05-27,2024-06-02,UPS,UPS00000771,Delivered,6.75
SHP000772,O000907,2024-05-22,2024-05-27,DHL,DHL00000772,Delivered,5.51
SHP000773,O000908,2024-01-27,2024-01-29,DHL,DHL00000773,Delivered,6.86
SHP000774,O000909,2024-01-29,2024-02-04,DHL,DHL00000774,Delivered,6.77
SHP000775,O000910,2024-06-11,2024-06-15,UPS,UPS00000775,Delivered,6.73
SHP000776,O000911,2024-02-27,2024-02-29,USPS,USP00000776,Delivered,9.15
SHP000777,O000912,2024-05-07,2024-05-13,UPS,UPS00000777,Delivered,5.33
SHP000778,O000913,2024-03-28,2024-04-01,FedEx,FED00000778,Delivered,5.74
SHP000779,O000914,2024-04-24,2024-04-30,FedEx,FED00000779,Delivered,7.8
SHP000780,O000915,2024-02-12,2024-02-16,USPS,USP00000780,Delivered,4.14
SHP000781,O000916,2024-05-21,2024-05-26,FedEx,FED00000781,Delivered,6.68
SHP000782,O000917,2024-03-10,2024-03-14,USPS,USP00000782,Delivered,7.21
SHP000783,O000918,2024-04-28,2024-05-01,DHL,DHL00000783,Delivered,6.11
SHP000784,O000919,2024-06-19,2024-06-22,UPS,UPS00000784,Delivered,5.92
SHP000785,O000920,2024-03-01,2024-03-05,USPS,USP00000785,Delivered,6.0
SHP000786,O000921,2024-03-31,2024-04-05,DHL,DHL00000786,Delivered,5.26
SHP000787,O000922,2024-03-23,2024-03-29,DHL,DHL00000787,Delivered,4.26
SHP000788,O000925,2024-05-06,2024-05-11,UPS,UPS00000788,Delivered,5.08
SHP000789,O000926,2024-03-09,2024-03-15,FedEx,FED00000789,Delivered,6.3
SHP000790,O000927,2024-04-27,2024-05-02,DHL,DHL00000790,Delivered,6.52
SHP000791,O000929,2024-03-15,2024-03-18,UPS,UPS00000791,Delivered,7.15
SHP000792,O000930,2024-02-04,2024-02-09,UPS,UPS00000792,Delivered,7.99
SHP000793,O000931,2024-05-21,2024-05-26,DHL,DHL00000793,Delivered,6.0
SHP000794,O000932,2024-05-11,2024-05-16,FedEx,FED00000794,Delivered,7.3
SHP000795,O000933,2024-06-30,,FedEx,FED00000795,InTransit,7.65
SHP000796,O000934,2024-03-19,2024-03-22,FedEx,FED00000796,Delivered,6.04
SHP000797,O000935,2024-01-25,2024-01-29,DHL,DHL00000797,Delivered,7.44
SHP000798,O000936,2024-03-23,2024-03-27,USPS,USP00000798,Delivered,6.57
SHP000799,O000937,2024-01-20,2024-01-26,USPS,USP00000799,Delivered,6.37
SHP000800,O000938,2024-01-10,2024-01-13,UPS,UPS00000800,Delivered,7.35
SHP000801,O000939,2024-05-27,2024-05-30,DHL,DHL00000801,Delivered,2.53
SHP000802,O000940,2024-06-12,2024-06-16,UPS,UPS00000802,Delivered,7.57
SHP000803,O000941,2024-01-11,2024-01-15,UPS,UPS00000803,Delivered,7.18
SHP000804,O000943,2024-01-16,2024-01-19,FedEx,FED00000804,Delivered,7.53
SHP000805,O000944,2024-05-01,2024-05-05,USPS,USP00000805,Delivered,6.56
SHP000806,O000945,2024-06-29,,USPS,USP00000806,InTransit,6.03
SHP000807,O000946,2024-01-29,2024-02-02,FedEx,FED00000807,Delivered,8.0
SHP000808,O000947,2024-03-06,2024-03-10,USPS,USP00000808,Delivered,7.26
SHP000809,O000948,2024-03-18,2024-03-21,DHL,DHL00000809,Delivered,6.86
SHP000810,O000949,2024-01-24,2024-01-29,USPS,USP00000810,Delivered,5.64
SHP000811,O000950,2024-03-02,2024-03-07,DHL,DHL00000811,Delivered,7.65
SHP000812,O000951,2024-01-04,2024-01-06,DHL,DHL00000812,Delivered,3.4
SHP000813,O000953,2024-05-06,2024-05-11,FedEx,FED00000813,Delivered,6.18
SHP000814,O000954,2024-03-30,2024-04-03,FedEx,FED00000814,Delivered,7.55
SHP000815,O000955,2024-03-24,2024-03-30,UPS,UPS00000815,Delivered,6.27
SHP000816,O000956,2024-06-26,2024-06-30,DHL,DHL00000816,Delivered,7.9
SHP000817,O000960,2024-03-26,2024-03-29,DHL,DHL00000817,Delivered,5.46
SHP000818,O000961,2024-02-22,2024-02-28,DHL,DHL00000818,Delivered,4.49
SHP000819,O000962,2024-03-12,2024-03-14,FedEx,FED00000819,Delivered,7.21
SHP000820,O000963,2024-01-27,2024-02-01,USPS,USP00000820,Delivered,8.17
SHP000821,O000964,2024-05-14,2024-05-20,FedEx,FED00000821,Delivered,8.0
SHP000822,O000965,2024-02-05,2024-02-10,UPS,UPS00000822,Delivered,6.52
SHP000823,O000966,2024-05-19,2024-05-22,USPS,USP00000823,Delivered,7.07
SHP000824,O000967,2024-05-06,2024-05-10,USPS,USP00000824,Delivered,6.76
SHP000825,O000969,2024-06-04,2024-06-07,UPS,UPS00000825,Delivered,5.8
SHP000826,O000970,2024-04-05,2024-04-10,DHL,DHL00000826,Delivered,6.83
SHP000827,O000971,2024-03-20,2024-03-25,FedEx,FED00000827,Delivered,6.24
SHP000828,O000972,2024-01-29,2024-02-02,USPS,USP00000828,Delivered,5.63
SHP000829,O000973,2024-04-05,2024-04-08,DHL,DHL00000829,Delivered,6.52
SHP000830,O000974,2024-04-06,2024-04-08,UPS,UPS00000830,Delivered,8.92
SHP000831,O000975,2024-06-03,2024-06-08,DHL,DHL00000831,Delivered,7.24
SHP000832,O000976,2024-01-16,2024-01-22,DHL,DHL00000832,Delivered,7.49
SHP000833,O000977,2024-05-21,2024-05-26,USPS,USP00000833,Delivered,6.94
SHP000834,O000978,2024-03-09,2024-03-13,FedEx,FED00000834,Delivered,4.21
SHP000835,O000979,2024-03-02,2024-03-07,DHL,DHL00000835,Delivered,7.06
SHP000836,O000980,2024-03-19,2024-03-25,DHL,DHL00000836,Delivered,8.22
SHP000837,O000981,2024-05-11,2024-05-16,UPS,UPS00000837,Delivered,8.14
SHP000838,O000982,2024-02-29,2024-03-04,DHL,DHL00000838,Delivered,5.03
SHP000839,O000985,2024-05-27,2024-06-01,UPS,UPS00000839,Delivered,6.26
SHP000840,O000987,2024-01-22,2024-01-25,UPS,UPS00000840,Delivered,6.62
SHP000841,O000988,2024-03-15,2024-03-18,UPS,UPS00000841,Delivered,4.9
SHP000842,O000991,2024-02-03,2024-02-07,USPS,USP00000842,Delivered,6.13
SHP000843,O000993,2024-02-08,2024-02-13,UPS,UPS00000843,Delivered,7.2
SHP000844,O000994,2024-05-09,2024-05-14,UPS,UPS00000844,Delivered,6.22
SHP000845,O000995,2024-05-13,2024-05-19,USPS,USP00000845,Delivered,7.09
SHP000846,O000996,2024-04-15,2024-04-19,UPS,UPS00000846,Delivered,9.06
SHP000847,O000998,2024-01-27,2024-01-31,DHL,DHL00000847,Delivered,8.45
SHP000848,O000999,2024-06-07,2024-06-10,USPS,USP00000848,Delivered,5.96
SHP000849,O001000,2024-03-26,2024-03-31,DHL,DHL00000849,Delivered,6.07
